title,videoId,viewCount,likeCount,dislikeCount,commentCount,favoriteCount,publishedDate,comments
A Haunting In Venice | Official Trailer | In Theaters Sept 15,yEddsSwweyE,5548272,40461,0,1806,0,2023-07-19T12:39:34Z,"['Good, but well known scary tricks, excellent actors and scene. Story ok, nothing spectacular.', 'Saw this last night w my lady. We both loved it. Great reprise of the 40s-50s who done it', 'I really enjoyed the film.  Brilliant cast, high camp and really funny in parts too.  Great plot twists. As ever, Venice looked fantastic.', 'She has aged so gracefully, woman looks like she&#39;s only a few years past the Crouching Tiger era. And it&#39;s so refreshing to see her in a non &quot;Asian type role.&quot;', 'I will give spoilers &gt;:)', 'Why make such crap? We already have Poirot- David Suchet.', 'Some a**hat is commenting on everything here about how this movie is trash. <br><br>Let me tell you straight having seen it. This film is not a HORROR. It is a CRIME THRILLER. Itâ€™s based on the Poirot case â€˜The Halloween Party.â€™ If you are an INTELLIGENT person, youâ€™ll enjoy this. Itâ€™s full of beautiful imagery and dramatic filming. Itâ€™s a subtle drama, so you have to listen carefully. You wonâ€™t like it if youâ€™re just a dumb CHAV with a brain the size of a pea. <br><br>This has a spooky air around it for the season and because of the time of year in which itâ€™s set. Itâ€™s an excellent film. <br><br>Lone, dumb commenter @ThePresentation010, get knotted. Absolute fool.', 'nice', 'IT WAS THE PARROT!!', 'This is horror?', '<b>This wasn&#39;t a horror movie.  It was a waste money and time.</b>', '<b>This movie is trash.</b><br>Saw it.<br>Dont.', 'I just saw this film, and I enjoyed it.  Visually beautiful and excellent acting.', 'Was the movie good or is the nun 2 better ? I&#39;m Trynna hit up the movies tomarrow', 'Kenneth Branagh is a prime example of a trained and highly experienced actor capable of being completely uncharismatic in everything he&#39;s in. This looks like a fun movie, but even in this short trailer I&#39;m totally unconvinced by his performance. Think I&#39;ll give it a miss.']"
A Haunting in Venice - Movie Review,HxRvV6RYv_Q,168895,8105,0,575,0,2023-09-12T15:30:06Z,"['Once you see David Suchet as Poirot, no other version matters. Still havenâ€™t seen these unnecessary American versions and I donâ€™t have any plans to do so. Lol', 'I took my girlfriend to see this movie for a date night. We had the whole theater to ourselves, which we didn&#39;t mind really. We thoroughly enjoyed this film It is so much fun, and yes the horror aspect isn&#39;t that  great, but it still had it&#39;s moments.', 'If you juiced up the haunted house stuff and then had maybe a Judi Dench, or Maggie Smith instead of Tina Fey, you might really have had something here', 'Nothing to say on the AWFUL dialogue? I made it 15 minutes- maybe. I honestly thought the whole thing was written and directed by AI or something. Iâ€™m insulted this movie exists.', 'Sadly I was very disappointed with this oneâ€¦ It wasnâ€˜t that scary and it wasnâ€˜t exciting. The biggest problem with these movies are the bland characters (with the exception of Poirot), I hate how  a lot of these backstories are just pure expositionâ€¦', 'Saw it this evening. Loved Branagh&#39;s Orient Express, really liked his Death on the Nile, &amp; loved this adaptation of Hallowe&#39;en Party. End left me shattered &amp; in tears. Major influences are Don&#39;t Look Now (Nicolas Roeg, 1973, which this film lifted a great deal from), &amp; Eyes Wide Shut (Stanley Kubrick, 1999; its costuming &amp; production design influence this film). The scary jump shots seem fake until Branagh has you by the throat, at which point they&#39;re straight out of an LSD hallucination. Best thing about this film: the casting, which could not be bettered. Yeoh convinced me the ghosts were real.', 'I saw this film last night. I found Branagh&#39;s excessively stylistic direction jarring and annoying. The number of unnecessary jump scares was ridiculous. I think he gave his ego priority over our entertainment. Some of the characters also over-acted under his direction. Michelle Yeoh (whose role was much too short) and the cinematography of Venice were the best things about this movie. I would rate it 2.5 out of 5.', 'Boring ass movie', 'I wonder about his framing sometimes.  He&#39;s clearly making an effort to disorient the viewer, but there is a convention to frame conversations where both conversants are on the outside third of a frame unless there is some unspoken connection to them.  This happens haphazardly throughout the film with opaque motivation.  He&#39;s a good filmmaker, so I don&#39;t think it&#39;s a mistake, but I don&#39;t understand the idea. Also, I think the movie suffers from not giving a full picture of, at least the main floor.  The geography is important.  At one point, it makes no sense, because of a reveal.  Still, I am a a &quot;locked door mystery&quot; afficionado, and there were some reveals I thought were legitimate.  Acting great throughout.  Tina Fey did a real, legitimate job here.', 'I went in blind and I thought this was part of the â€œHaunting in Connecticutâ€  movie line until I saw the detective. I also like mysteries but yeah the marketing felt off', 'Chris Sussman is a hack', 'Tina Fey played the same character from only murders in the building lol', 'There was a family with 3 children ranging 16 - 20. Otherwise my friend and I (31 &amp; 32) were the youngest people there ğŸ˜†', 'I did not find the film scary.  It was interesting that a murderer was trying to use the supernatural to cover up the murder.', 'Great review as always Chris! I haven&#39;t seen the movie but heard similar comments about the marketing/production behind it misunderstanding the identity of the film as quite a few people I know who watched this were expecting a horror film and while they enjoyed the murder mystery, were quite unamused by the weak attempts at horror throughout. A shame because it otherwise looks really interesting!<br><br>If you&#39;re able to, watch Past Lives. IMO the best film of 2023.']"
A Haunting in Venice - Movie Review,Ar0YWSsBHq0,194545,11200,0,524,0,2023-09-15T21:46:08Z,"['I thought there were going to be demons', 'Boring', 'Please do it lives inside', 'All of the horror movies playing in theater right now suck, so this will have to do.', 'I went to see this tonight completely blind. Didn&#39;t know it was the third of anything.<br><br>I gotta say, this was a very boring movie because I was expecting a horror movie and not a sillyish murder movie.', 'The obnoxious amount of cheap jump scares is what killed this movie for me.', 'I felt that so much of the movie- all those interrogations had nothing to do with the plot. It was way too slow and quiet. Acting was OK at best. And the end reveal was way too cliche. The little boy was the best part.', 'I didnâ€™t hate the first one but I really despised the second one so I was literally going to wait for this review to determine if it was worth seeing , guess I will give it a try.', 'A haunting in Venice<br>Death on the Nile<br>Murder on the Orient express', 'I don&#39;t think you&#39;re capable of doing a decent movie review without constant needless swearing. I challenge you to put a movie review online that does not contain a single swear.', 'Maybe you were being punished for your constant swearing needless swearing during your views', 'I hated that movie so much. I was really disappointed. I am a massive fan of Branagh but I have always had issues with the &quot;Shakespearean&quot; style applied to an Agatha Christie story. This one is the weakest of the 3. It is always easy since the first one to dismiss certain characters as the &quot;murderer&quot;. Great aesthetics though. Branagh is a great director but his Poirot series does not work for me. I hope others enjoyed it, but I couldn&#39;t.', 'I quite liked the first movie.  I was &quot;meh&quot; on the second.  I thought this one was really good.  I think part of the fun of these kinds of movies (more common back-in-the-day) is trying to parse the clues to play along.  I think they cheated on one here, but i might have missed it, but several others were cool and fun to track<br><br>This is not a spoiler, but I noticed several shots where the characters are set up with lights right above their heads, with one seemingly no, I couldn&#39;t make sense of it, I wonder if someone else can.', 'Went to this movie completely blind and didnâ€™t even know it was in this trilogy till I saw the detective. For some reason I thought it was related to the â€œHaunting in Connecticut â€œ ğŸ¤·ğŸ»\u200dâ™‚ï¸', 'Please go see A Haunting in Venic!! It was such a great film!!  Want to support it to make another one of these mystery films']"
A Haunting In Venice | Teaser Trailer | 20th Century Studios,oRCKIP5paEU,5465407,47687,0,1488,0,2023-04-26T17:47:13Z,"['This should&#39;ve been released on Halloween not on September besides isn&#39;t a month of horror October and only October is the real deal and true month of horror ok<br><br>Anyone else saying that it belongs in the month of September has zero brain cells on horror movies', 'Cheese', 'It was okay for me. I love horror and murder mystery so it was fun to watch. I really liked the ending', 'Hey Ken, donâ€™t ruin this one too.', 'Excellent film', 'Worst ever. Donâ€™t waste your time', 'Big hercule ready to mash things up', 'ğŸ˜®ğŸ˜®ğŸ˜®ğŸ˜® q filme', 'Yawn', 'I heard that this was going to be one of the BEST!  Can hardly wait!  I love who-done-its!', 'A Haunting in Venice wasnâ€™t really what I was expecting, but it kept me interested throughout most of it with itâ€™s interesting shots, all-star cast, and a Knives Out style story.', 'I really hope we get more of Hercule poirot movies', 'horror?', 'Great movie. There was no butler and the plot thickens.  ğŸ˜  Thanks for a Hallowe&#39;en Party movie.', 'IT&quot;S SOO GOOD GUYS. GO SEE IT.']"
A Haunting In Venice | Haunting Mystery | In Theaters Sept 15,pycEdLxISBk,3958561,1123,0,67,0,2023-08-15T16:00:39Z,"['Amazing movie, right in the nostalgia', 'Amo esse filme â¤ muito bom', 'after all these years of having heard of Agatha Christie-- cant recall if i&#39;d read any of her books at all, Evil Under The Sun perhaps is her most familliar. It would be interesting if indeed ol&#39; mr. Branagh&#39;d do a remake/adaptation of the movie. Honestly i never found A Haunting In Venice that thrilling, and i felt the whole who-dunnit schtick&#39;s now gone so old.', 'one of the best trilogy of all time', 'I really loved the ambience of this film! In between scenes you get random shots of various overlooked spots in the house that just add to the unnerving quality.', 'A true masterpiece best of the series<br><br><a href=""https://youtu.be/vQnuRGoC-s8?feature=shared"">https://youtu.be/vQnuRGoC-s8?feature=shared</a>', 'Saw this with the hubby last night. Good old fashioned whodunit. Would definitely recommend it.', 'My problem with this movie is David Suchet plaintive cry in Murder on the Orient Express. Heâ€™s a Catholic and the guilty must stand before god but these people had been given too much to hold. And now hereâ€™s a haunting. ThT doesnâ€™t fit well in Hercules religion', 'I have watched the movie an hour ago, I was literally on the &quot; edge of my seat&quot;..<br>The movie is beyond all expectations when it comes to direction...I was sooo in love with the Younger generation &#39;s performance.Suprisingly, they were my favorite - especially the pair of brother and sister ğŸ˜»...<br>If you go and watch,you will find out', 'Some differences from the novel....but still, this movie is a masterpiece... ğŸ‘ŒğŸ‘ŒğŸ‘ğŸ‘ğŸ˜ğŸ˜', 'I love seeing great source material treated with honor and respect....', 'It looks interesting, but I don&#39;t know why they keep pushing the idea that this is based on the novel Halloween Party.  This story  looks nothing like the plot where a young girls is drowned at a children&#39;s party.  Did they even read the book?', 'I want to see the movie. ğŸ¿', 'Iâ€™m so excited!!! Just in time for my birthday!!', 'I MISSCLICKED NOOOOOOOOOğŸ˜‚ğŸ˜‚ğŸ˜‚ğŸ˜‚']"
A Haunting In Venice | Lost My Faith | In Theaters Sept 15,RCqfq22FUcI,11995,209,0,7,0,2023-09-05T17:00:25Z,"['More about truth than lies.  What is the whole truth?', 'A haunting in Venice is spooky fun movie from blue pictures movies and shows.', 'Why are you adding clickbait thumbnails to official trailers??', 'Knock Knock, Johnny&#39;s At Your Door.']"
A Haunting in Venice Trailer #1 (2023),tvzk8crozP4,51426,872,0,72,0,2023-07-19T13:28:03Z,"['Agatha would be spinning in her grave!', 'Was not expecting a horror movie out of these movies o.o that is awesome.', 'â¤', 'Fun concept.', 'Tina Fey - nope', 'Another pointless remake.', 'There is only one Poirot and his name is David Suchet.', 'I never seen none of theses films but i will . Who is the killer.', 'Wow! Goodness gracious!!!! Just when I thought these mysteries couldn&#39;t get any better; they took it up a MAJOR notch. Impressive.', 'It&#39;s the bird!!!!!!!!!!', 'Kenneth Branagh doing his best to murder Poirot.', 'Dang this looks really good', 'Tina Fey in a non-comedy is a surprise. Iâ€™ll be curious to see what she can do. Sheâ€™s a good actor.', 'This is going to be a strange movie. Kinda cool to see Tina Fey in a real movie. Why is Branagh wearing blue contacts? Very, noticeably blue contacts. They&#39;re like ocean blue contacts. Will that be part of the plot or the characters&#39; story?', 'I don&#39;t think I ever seen a scary PG 13 movie..']"
The Ending Of A Haunting In Venice Explained,l-dycwCzOzA,18351,411,0,59,0,2023-09-15T00:00:30Z,"['How did you like the ending?', 'the ending told you that whether you believe that ghost exists or not, it doesnt matter, the truth still reveals anyway', 'My husband and I saw the film on a weekday in the early afternoon and there were like six other people. It made it feel a bit isolating and amazing because of it.', 'I feel that Looper forgot to mention on how besides on choosing on how to live his life, its more so him believing that there is, while little, a shred of evidence of the supernatural which breaks his cynicism and pessimism on life such that there may be a presence of something beyond the physical world which would mean that there is hope that ultimately the scales of balance &amp; justice can be achieved which then reignites his vigor as a detective.', 'I just watched this at the theater and the twist was SO GOOD!!!', 'But I donâ€™t understand, were that one girl who was hiding in the house hallucination or one of the orphans?', 'âš ï¸(SPOILER ALERT)âš ï¸<br><br>So am I right to assume that while the supposed haunted murders were in fact just committed by human, and Poirot seeing ghosts were possibly hallucinogenic drug effects, that there was still supernatural going on? Her motherâ€™s death may or may not be based on Poirotâ€™s hallucination, but how to explain the voice change of Joyce Reynolds and the turning of the chair? The M forming at the walls? The water turning hot in the bathroom?', 'i loved the movie but the detectiveâ€™s accent was SO HEAVY i couldnâ€™t understand most of the dialogue ğŸ˜­', 'Iâ€™m still confused to how the Medium was able to mimic the daughterâ€™s voice during the seance?', 'It was an amazing movie! I loved the twist and the ending.', 'From what i have seen in the movie, I would say that Rowena developed severe abandonment issues possibly from her lover or husband leaving her due to not wanting to have children. This possible incident caused Rowena to develop a fixation on her daughter to remain with her forever and not be alone. This is just my theory, I would like to debate this in the  replies,', 'It was good, kept me guessing to the end. I love mystery movies like thatâ¤', 'None of these movies ever do Agatha Christie Justice I want to find someone who can do it right ğŸ¤¦ğŸ½\u200dâ™‚ï¸', 'A good hbo movie', 'It was a wonderfully spooky time, perfect for the season!']"
A Haunting in Venice Trailer 2 (2023),pKUgt7-HaoE,41962,807,0,46,0,2023-07-19T14:09:39Z,"['I love the assistants characters.', 'Time waste movie ğŸ‘ğŸ‘ğŸ‘ğŸ‘', 'This reminded me a bit of Woman in black. Like the fact they change the title to Haunting in Venice -- it allows the audience to watch the movie without comparing it to the original Halloween Party.  Can&#39;t wait to see it..though seems a bit too scary - LOL', 'this is suppose to be an adaptation of â€˜Hallowe&#39;en Partyâ€™?!?   \U0001fae4ğŸ˜µ\u200dğŸ’«\U0001fae4ğŸ˜µ\u200dğŸ’«\U0001fae4', '<a href=""https://www.youtube.com/watch?v=pKUgt7-HaoE&amp;t=0m42s"">0:42</a> Just read &quot;Hallowe&#39;en Party&quot;....that boy is doomed.', 'One of the people literally became haunted', 'This better not fuck up hercule Poirot image', 'The other Poirot movies were kind of lame, .. but this looks interesting.', 'Kenneth Branagh again as a detective, please tell me his the same character here as hercule pairot in the movie Death on the Nile... this will be awesome...', 'Sir Kenneth Braghnah taking the series to a next level...', 'Awesome I can&#39;t wait â™¥ï¸ ğŸ˜', 'the case in which Poirot&#39;s common sense &quot;irked&quot; ğŸ—¿.', 'Intriguing it may look â€” but it bears absolutely no resemblance to the source material, Halloween Party by Agatha Christie. (And an American Ariadne Oliver??)', 'Way different from the last one', 'I respect Branagh as an actor &amp; film maker but his is the worst redition of Poirot ever,']"
A Haunting In Venice | Teaser Trailer | 20th Century Studios,LoTzksrQO3Y,504950,837,0,38,0,2023-04-26T18:10:29Z,"['Hmmm...Poirot in a horror film. I still don&#39;t know if I&#39;m ready for that', 'idk... horror + Poirot sounds ridiculous<br>Not sure I want to see this. Orient was weird but this is on another level. I bet that&#39;s why they changed the title so ppl like me can&#39;t complain they created a shty script out of an otherwise good book', 'Nah', 'It&#39;s going to be a disaster, again. ğŸ˜’ It&#39;s based on Halloween Party??', 'M.Y.: I am here to support you because God always keeps me updated. Congratulations, you deserve all your success and I am so very proud for you!! ğŸ¥³ğŸ‰ğŸ¥³ğŸ‰', 'More Anti White propaganda', 'Never thought Iâ€™d see Tina Fey in a Horror movie but here we are!', 'That title is so close to a Mummy reference. Or is that backwards?', 'Love to see Poirot ! But jumping from thriller to maybe horror? Or just a side plot ? But this definitely looks promising. If itâ€™s connected to to Christie then it has potential. With actors like Yeoh , Fey &amp; Branagh can be really impactful.', 'This will be amazing', 'Yeoh keeps to be everywhere, anywhere, at once.', 'Lame !!!! So played out , clearly running out of ideas ğŸ’¡', 'Ya they&#39;re called Talismans.  You focus with intent on something and it might just manifest.  Think positive thoughts,  and don&#39;t play with ouiija boards.', 'Ooo my god... Hercule Poirot is Backâ¤ï¸', 'First film ğŸ”¥ğŸ”¥ğŸ”¥<br>Second Film â¬‡ï¸â¬‡ï¸â¬‡ï¸<br>Thied Film ğŸ‘»ğŸ‘»ğŸ‘»']"
"A Haunting In Venice - Official Behind the Scenes Clip (2023) Kenneth Branagh, Michelle Yeoh",MgR2o7RixQ0,3572,61,0,0,0,2023-08-15T17:47:50Z,No comments
A Haunting In Venice | Eerie Ensemble | In Theaters Sept 15,oSdqm86pe4g,15990,392,0,16,0,2023-08-30T22:00:27Z,"['I would LOVE to see Mystery Inc. solve a mystery like the ones in Agatha Christieâ€™s books.', 'Where is royal dano and Ken Curtis', '<a href=""https://www.youtube.com/watch?v=oSdqm86pe4g&amp;t=2m05s"">2:05</a> - &quot;Directed by Kenneth Branagh.&quot;', 'May I ask something: why set it in Venice? I find no reason to it! You could put it in Paris and itâ€™ll change nothing!', 'Please ğŸ‘‹ someone ğŸ§‘ğŸ»ğŸ‘§ğŸ» connect me with director David Fincher ğŸ§”ğŸ»\u200dâ™‚ï¸ because I have an idea and a story for a movie ğŸ“½ that will work ğŸ¤¯ I&#39;m sure it will work.  My life is miserable.  I live in hope that one day an idea for a film will come to David.  Who can help me meet David.  Thank you.  This is what I can doâ¤ğŸ˜‡ğŸ˜¢', 'A haunting in Venice is a spooky fun movie from blue pictures movies and shows.', 'A haunting in Venice is a haunting movie from 20th century Columbia.', 'ğŸ˜Š', 'I love Ken Branagh, his artistic, theatrical and wonderful way of making quality films with the best casts.ğŸ‘ğŸ‘', 'So I&#39;m guessing this is Tina Fey&#39;s first non-comedic role?', 'Good Work on this wonderful film ğŸ’–', 'High expectations', 'day 69696969696969 of asking you to rename back to 20th century fox']"
A Haunting In Venice | Official Trailer | In Cinemas Sept 14,6ykO3WquaDg,100909,207,0,9,0,2023-07-19T21:13:14Z,"['Omggg I have to see thisss', 'Man I hope the whole film wasn&#39;t filmed on a potato', 'A haunting in Venice! Reminds me of Death on the Nile.', 'I canâ€™t wait! ğŸ˜ŠğŸ˜ŠğŸ˜ŠğŸ˜Š', 'Based on which Agatha Christie book?', 'Film is the greatest just how I pictured it!', 'A haunting in Venice is a scary movie from 20th century Columbia.', 'Seems similar to talk to me']"
A HAUNTING IN VENICE Movie Review **SPOILER ALERT**,Npqnm7iVUY0,6884,408,0,63,0,2023-09-15T19:45:11Z,"['Just went to this and slept the whole time. Woke up at the end credits ğŸ˜©', '<a href=""https://www.youtube.com/watch?v=Npqnm7iVUY0&amp;t=2m45s"">2:45</a> hey guuuuurl!  Hehe', 'I think this movie&#39;s title was chosen to capitalize on the conjuring franchise by using the same template as A Haunting in Connecticut. And tbh it kind of can fit inside of the Conjuring universe if they really wanted to. But then they will have to not show any fictional works of Hercule Poirot\xa0by Agatha Chistie', 'The tiny problem I had with this film is the torn photograph of the young couple looks too modern in the quality of the photo. I know in 1947 they had color photo technology but to my knowledge I think it was kind of washed out and colored in by hand and not as clear and accurate looking tint and hue or natural looking skin tones etc', 'I actually liked this film even with the ending spoiled. I saw this with my sister and her husband and we both liked it. Thought it was shot and lit well and had an old-fashioned look to it in terms of the scenery and how it was shot.', 'I didn&#39;t like it either...', 'I love when Nick goes on a rant!ğŸ¥°for some reason I find it very satisfying!', 'You guys need to see his film Dead Again it is fantastic!', 'I mean it with all of the shade in all of the world, but girl, I saw this last night and the whole time I kept thinking... girl, that is not Michelle Phifer! I was like, give Michelle Phifer her wig back! I hope you know what I&#39;m saying. Lol. I loved Tina! I went for Michelle Yeoh and I loved Michelle Yeoh, but, I was super happy that I got Tina cuz I forgot she was in the movie.', 'I watched it today, very boring,almost fell asleep.', 'I liked this film. <br>It was a good time. like i didn&#39;t roll my eyes once which I tend to do w the way these scary films are now a days.', 'This movie was the shit. Kenneth branagh is back, bitches!!!!', 'Need a aggro dr1ft review from Nicholas', 'Thatâ€™s ice cold, I enjoyed this movie and am glad I got pause and watched before it was decimated lol.', 'Fun movie!']"
A HAUNTING IN VENICE Trailer 2 German Deutsch (2023),Hb3G3aNoyPs,143184,1733,0,76,0,2023-07-19T13:52:39Z,"['Krasser filmğŸ”¥ğŸ”¥ğŸ”¥', 'Erst mega Happy, cool ein neuer Film der Reihe. Aber nach dem Trailer sehr enttÃ¤uscht!!!!! Mochte an den anderen Filmen den gewissen Charme , aber jetzt einfach ein weiterer ( Horror ) streifen daraus gemacht  zu haben finde ich einfach nur schade und einfallslos ğŸ¤¢FÃ¤llt denen nichts mehr gescheiteres mehr ein!?!?!', 'Die Zwischensequenzen waren etwas verwirrend, aber an sich ein guter Film', 'Keiner kann David Suchet das Wasser reichen. Nicht einmal der groÃŸe Peter Ustinov.', 'Ich bin skeptisch. Agatha Christie, Hercules Poirot und Horror? Eine eher unwahrscheinliche und fragwÃ¼rdige Mischung. Ich hab Angst, dass man dieses Mal sich zu weit von der &quot;Basis&quot; (also dem Buch) entfernt', 'Ich fand Tod auf dem Nil super und freue mich auf A Haunting in Venice', 'Wann spielt der denn zeitlich? Weil er seinen Bart hat (wenn man Tod auf dem Nil gesehen hat, weiÃŸ man was ich meine)', 'Bin mal gespannt wie der abc mÃ¶rder aussehen wird wenn der verfilmt wird Tod auf dem Nil schau ich mal die Tage', 'Bin mit meiner stufe auf nem ausflug auf ner fÃ¤hre an denen vorbeigescheppert als die die bootszene gedreht haben haha', 'Nach den beiden eher bescheidenen Filmen fÃ¼r MICH, bin ich gespannt Ã¼ber die Ã¼bernatÃ¼rliche Komponente fÃ¼r solch einen â€Detektiv Quatschâ€œ.', 'Als Horror-Fan finde ich, sieht das nach einem gewÃ¶hnlichen Horrorstreifen aus. Nichts besonderes, nichts neues. Solche (Ã¤hnliche) Szenen gibt und gab es schon in vielen anderen Filmen. Ob Ouija, Insidious oder Conjuring-Reihe und viele mehr (wobei letzt genanntes meines Erachtens schon zu den besten gehÃ¶rt). Ich hoffe dass noch einige bessere Szenen im Film vorkommen, und nicht die besten bereits im Trailer zusammengeschnitten wurden. Dem Film geb ich jedenfalls eine Chance. Zumindest neuer Input :)', 'Hoffentlich nicht so dumm und langweilig wie Tod auf dem Nil...', '<a href=""https://www.youtube.com/watch?v=Hb3G3aNoyPs&amp;t=0m28s"">0:28</a> die maske ist doch von julien bam', 'Der Film wirt sicher gut freue mich mega auf dem Film ğŸ˜ŠğŸ˜Š', 'Mhhh. Fand die ersten beiden Filme schrecklich. Das sieht auch richtig scheiÃŸe aus.']"
A Haunting in Venice | Teaser Trailer | In Cinemas September,8rAlqVboYqU,1117262,303,0,23,0,2023-04-26T18:43:38Z,"['Looks lame and formulaic', 'Just visited very nice place however it turned into a horror for us when we missed the water taxi 30 euro ğŸ’¶ had to get a private taxi cost me 130 euro had nightmares ever since ğŸ˜¢', 'Possibly based on &quot;The Last Seance&quot; ?', 'Can&#39;t waitğŸ˜Š', 'Canâ€™t wait for September!!â¤', 'If youâ€™ve actually walked thru venice at nightâ€¦ it looks and feels like an active horror movie.', 'Canâ€™t waitttt', 'â¤â¤â¤â¤ amazing', 'I didn&#39;t knew there is 3rd one coming outğŸ’€. I just realized it and now I&#39;m 5 days late', 'This seems roughly based on &#39;Don&#39;t Look Now, with Donald Sutherland and with Julie Christie. She loses a daughter and they are haunted by her running in the streets etc.', 'I love how Kenneth Branagh has made a more serious and horror movie in the poirot series', 'The  movie A Haunting in Venice  is a good horror movie you want to see', 'Death is just the beginning 15.9.2023', 'It is an original story that, like the James Bond films, is not based on the actual Agatha Christie source of novels', 'yay beth']"
A Haunting In Venice | Haunting Mystery | In Cinemas September 14,KVgWH69JB-g,527,12,0,1,0,2023-08-16T06:40:52Z,['I&#39;m looking forward to this Movie. ğŸ˜Š']
A Haunting In Venice: Go Behind the Scenes With Jamie Dornan and Tina Fey (Exclusive),9lZQ-U29YlY,14558,232,0,13,0,2023-09-03T19:00:05Z,"['Great movie â¤â¤', 'Looks great, I&#39;d see it just  because  of jamie.', 'ĞÑ‡ĞµĞ½ÑŒ Ñ…Ğ¾Ñ‡ĞµÑ‚ÑÑ Ğ¿Ğ¾ÑĞ¼Ğ¾Ñ‚Ñ€ĞµÑ‚ÑŒ Ğ¿Ñ€ĞµĞ¼ÑŒĞµÑ€Ñƒ ÑÑ‚Ğ¾Ğ³Ğ¾ Ñ„Ğ¸Ğ»ÑŒĞ¼Ğ°, Ğ½Ğ¾, Ğº ÑĞ¾Ğ¶Ğ°Ğ»ĞµĞ½Ğ¸Ñ,, Ñ Ğ Ğ¾ÑÑĞ¸ĞµĞ¹ ĞºĞ¾Ğ¼Ğ¿Ğ°Ğ½Ğ¸Ñ Ñ€Ğ°ÑÑÑ‚Ñ€Ğ¾Ğ¸Ğ»Ğ° Ğ´Ğ¾Ğ³Ğ¾Ğ²Ğ¾Ñ€ Ğ¸ Ñƒ Ğ½Ğ°Ñ Ğ½Ğµ Ğ±ÑƒĞ´ĞµÑ‚ Ğ¿Ñ€ĞµĞ¼ÑŒĞµÑ€Ñ‹, Ñ…Ğ¾Ñ‚Ñ, Ñ ÑÑ‡Ğ¸Ñ‚Ğ°Ñ, Ñ‡Ñ‚Ğ¾ ÑĞ¿Ğ¾Ñ€Ñ‚ Ğ¸ Ğ¸ÑĞºÑƒÑÑÑ‚Ğ²Ğ¾ Ğ´Ğ¾Ğ»Ğ¶Ğ½Ñ‹ Ğ±Ñ‹Ñ‚ÑŒ Ğ²Ğ½Ğµ Ğ¿Ğ¾Ğ»Ğ¸Ñ‚Ğ¸ĞºĞ¸, Ğ½Ğ¾ Ğ·Ğ°Ğ¿Ğ°Ğ´ Ñ ĞĞ¼ĞµÑ€Ğ¸ĞºĞ¾Ğ¹ Ğ²ÑĞµ Ğ¿Ğ¾Ğ»Ğ¸Ñ‚Ğ¸Ğ·Ğ¸Ñ€Ğ¾Ğ²Ğ°Ğ»Ğ¸ Ğ´Ğ°Ğ²Ğ½Ğ¾, Ñ‚Ğ¾ Ğ½Ğ° ÑĞ¾Ñ€ĞµĞ²Ğ½Ğ¾Ğ²Ğ°Ğ½Ğ¸ÑÑ… Ğ¿ĞµÑ€ĞµĞ¿ÑƒÑ‚Ğ°ÑÑ‚ Ğ³Ğ¸Ğ¼Ğ½, Ñ‚Ğ¾ ÑÑ€Ñ‹Ğ²Ğ°ĞµÑ‚ÑÑ Ğ³Ğ¸Ğ¼Ğ½, Ğ¼Ñ‹ ÑƒĞ¶Ğµ Ğ¿Ñ€Ğ¸Ğ²Ñ‹ĞºĞ»Ğ¸ Ğº Ñ‚Ğ°ĞºĞ¸Ğ¼ ĞºĞ¾Ñ€Ğ½ÑĞ¼, Ğ½Ğ°Ğ¼ ÑÑ‚Ğ¾ Ğ½Ğµ Ğ½Ğ¾Ğ²Ğ¾, Ñ‚Ğ¾Ğ»ÑŒĞºĞ¾ Ğ²Ğ¾Ğ¿Ñ€Ğ¾Ñ Ğ² Ñ‚Ğ¾Ğ¼ , ĞºÑ‚Ğ¾ Ñ‚ĞµÑ€ÑĞµÑ‚ Ğ´ĞµĞ½ÑŒĞ³Ğ¸, Ñ‚Ğ¾Ñ‡Ğ½Ğ¾ Ğ½Ğµ Ğ¼Ñ‹, Ğ¿Ñ€ĞµĞ´ÑÑ‚Ğ°Ğ²ÑŒÑ‚Ğµ ÑĞºĞ¾Ğ»ÑŒĞºĞ¾ Ñƒ Ğ½Ğ°Ñ Ñ„Ğ°Ğ½Ğ°Ñ‚Ğ¾Ğ² Ğ·Ğ°Ñ€ÑƒĞ±ĞµĞ¶Ğ½Ñ‹Ñ… Ñ„Ğ¸Ğ»ÑŒĞ¼Ğ¾Ğ², Ñ‚Ğ°Ğº Ñ‡Ñ‚Ğ¾ , Ñ‚Ğ¾Ğ»ÑŒĞºĞ¾ Ğ´ĞµĞ±Ğ¸Ğ»Ñ‹ Ñ€ÑƒĞ±ÑÑ‚ ÑÑƒĞº, Ğ½Ğ° ĞºĞ¾Ñ‚Ğ¾Ñ€Ğ¾Ğ¼ ÑĞ¸Ğ´ÑÑ‚, Ñ Ğ¾ Ğ¿Ğ¾Ğ»Ğ¸Ñ‚Ğ¸ĞºĞ°Ğ½Ğ°Ñ… Ğ¿Ñ€Ğ¾Ğ´Ğ°Ğ¶Ğ½Ñ‹Ñ…, Ñ‚Ğ°ĞºĞ¾Ğ³Ğ¾ Ğ¶Ğµ Ğ¼Ğ½ĞµĞ½Ğ¸Ñ Ğ¸ Ğ¾ ĞºÑ€Ğ¸Ñ‚Ğ¸ĞºĞ°Ñ…, ĞºĞ¾Ñ‚Ğ¾Ñ€Ñ‹Ğµ Ğ½Ğµ Ğ¸Ğ¼ĞµÑÑ‚ ÑĞ²Ğ¾ĞµĞ³Ğ¾ Ğ¼Ğ½ĞµĞ½Ğ¸Ñ', 'I honestly can&#39;t wait for this film.', 'long time i didnt watch anything related with jamie dornan', 'I can&#39;t wait to watch ğŸ˜', 'It looks cool i definitely would check it out shout-out to all the true believers in the supernatural and the paranormal ğŸ˜®', 'Is this based on true events????', 'Looks like a great move.', 'Love movies like this', 'Hi']"
A Haunting in Venice | Official Trailer | In Cinemas September 15,LAywaWCFXgw,117574,358,0,28,0,2023-07-19T12:51:49Z,"['Blonde girl killed her own daughter she comes back gets revenge by drowning her end of movie', 'I cannot sing enough praise for this film - magnificent. The cinematography and use of sound was incredible. Atmospheric and indeed haunting - loved it. Itâ€™s the best of the three. A definite must watch and we will watch it again. Well doneğŸ‘', 'That looks AWESOME !!! A negative review from the Guardian brought me here so thank you stupid Guardian I guess lmao !!!', 'Michelle stole the show, in this little clip at least', 'Can you make The Peanuts Movie 2?', 'Can you make another live action movie of Alvin and the chipmunks?', 'Tina Feyâ€¦yuck.', 'Kenneth Branagh movies on Agatha Christie&#39;s are amazing... very excited for this', 'Classic â¤', 'looks stupid, and also looks based on many other way better movies like The Changeling and Ghost Story, and Tina Fey?', 'The last one was terrible.', 'I saw this trailer and I went wow what book is this based off of I need to go read it because I certainly haven&#39;t already then I read &quot;based on a Halloween party&quot; what? no, it&#39;s not.', 'As much as I would love to see the Poirot character on the big screen, I just can&#39;t see anyone else play Poirot other than David Suchet', 'Can&#39;t wait, wonder what the age rating is going to be.', 'Brilliant trailer.....Hercule poirot has returned with a horror mystery....It&#39;s surely going to be FUN!!!']"
Real Scares On The Set Of A Haunting In Venice,tgUpywrWZvw,1186981,369,0,20,0,2023-09-09T01:03:07Z,"['Where is Ken Curtis and royal dano', 'The amount of jump scare scenes are impeccable', 'The jumpscares are effective bcs I genuinely thought I might have to visit the ER again', 'Asian woman wasn&#39;t scary just annoying', 'Tina fey can&#39;t act', 'I&#39;m not big on the Agatha Christie scene personally, but this does look reeeeeely good!', 'ğŸ˜Š', 'Can&#39;t wait', 'bet kenneth brannagh learned it form ridley scott on how to scare his actorsğŸ˜¢ğŸ˜¢', 'I see the guy from murder on the orient express', 'Riccardo Scamarcio â¤ ğŸ‡®ğŸ‡¹', 'Canâ€™t barely wait ğŸ˜Š', 'Can you make The Peanuts Movie 2?', 'Kyle Allen if youâ€™re reading this I am free on Thursday night. If you would like to hang out I am free on Thursday night when i am free to hang. I am free to hang out on Thursday night so if you want to hang out on Thursday night I am free.', 'It&#39;s amazing how real real can be']"
A HAUNTING IN VENICE Trailer 2 German Deutsch (2023),a60vSrZKYJ4,3160,77,0,7,0,2023-07-19T16:04:02Z,"['Verdammt zum GlÃ¼ck auch!!!', 'Der letzte Film mit dem Detektiv war der Hammer, der Film wird wieder super mit Garantie, allein aus dem Grund das hier ausnahmsweise Schauspieler mit Talent verwendet wurden, also zumindest beim Hauptdarsteller. Nicht wie in 98% der anderen Filme heut zu Tage, was heute alles als Film durchgeht ist einfach nur traurig und diese lÃ¤cherlichen witzfiguren die Schauspieler genannt werden erst, das geht garnicht es ist einfach null Talent und kÃ¶nnen vorhanden und diese looser werden trotzdem von den dummen Menschen gefeiert tja das schow business ist tot nur der sinkende IQ der menschen in unserer zeit lÃ¤sst sie nichts merken und so werden minderwertige Leistungen gefeiert.', 'That movie looks creepy and awesome', 'ğŸ˜±Hercule Poirot wird in ein dÃ¼steres Mysterium verwickelt!ğŸ‘»Werden im neuen A HAUNTING IN VENICE <a href=""http://www.youtube.com/results?search_query=%23trailer"">#Trailer</a> mit Kenneth Branagh und Michelle Yeoh die Lebenden die Toten besiegen?!ğŸ’€\r<br>Freut ihr euch drauf? Vergiss nicht unser Video mit deinen Freunden zu teilen!\r<br>Mehr zu <a href=""http://www.youtube.com/results?search_query=%23ahauntinginvenice"">#AHauntingInVenice</a> findest Du unter: <a href=""https://kinocheck.de/film/6vy/a-haunting-in-venice-2023"">https://kinocheck.de/film/6vy/a-haunting-in-venice-2023</a>', 'Naja .... Geschmack sache.']"
A Haunting in Venice Teaser Trailer (2023),rd620tOd6WE,69284,1247,0,104,0,2023-04-26T18:59:18Z,"['Who did tina fey sleep with to get this role ?', 'Looked great at first. Until I found out it was based on Hollowe&#39;en Party. They made way to many changes.', 'What a twist!', 'Well at least the real hero, white man Poirot is here to save the day from an otherwise gynocentric woke cast.', 'This looks nothing like Halloween Party.', 'Please don&#39;t suck, please don&#39;t suck...', 'Looks like every horror movie ever. Man this genre is so rusty... So repetitive.. So unoriginal. So exhausting lol', 'I&#39;m too scared to watch horror films but it has michelle yeoh in it so definitely watching! + it&#39;s a poirot movie sooo', 'Yes, so excited for the third Poirot film! Also, this is apparently inspired by Halloweâ€™en Party for those who have read the books.', 'OMG Tina Fey in a Horror Movie?!?!?!??!  I&#39;ve got my ticket!  I&#39;m there!  SOLD!', 'It sequel', 'The ghosts within us', 'Hercule Poirot vs Ghosts?!  A murder mystery, horror film, very exciting!', 'Is this supposed to be a Poirot movie??? Ken looks and sounds like he&#39;s doing Poirot.', 'Looks like Poirot is getting a Lord Blackwood style enemy!']"
A Haunting in Venice Ending Explained | Book Changes | Spoilers,EaR6PjTsFWo,4938,143,0,27,0,2023-09-14T07:18:36Z,"['I really enjoyed the movie but it had nothing to do with the actual story.  Well some of the names were the same and thatâ€™s about it. <br>David Suchet and Zoe Wanamaker did a great adaptation of the original story. This one was new and original and I liked it a lot. Just not Agatha Christie', 'Personally, I liked both versions, but the whole &quot;loosely based on the book&quot; is no joke. I highly suggest reading the book (although perhaps not the BEST of Agatha&#39;s novels, it is certainly my favorite so far, and I&#39;ve read about half of them), but if you want a quick summary of the important points of the book, I&#39;ll list a quick summary of the important parts of the original novel down below.<br><br>SPOILER WARNING AHEAD!<br><br><br><br>Ariadne Oliver is invited as a guest of honor to a halloween party. There, thirteen year old Joyce Reynolds claims to have witnessed a murder when she was younger, but didn&#39;t realize it until she was older. Other children call her a liar, and her behavior in defending herself does seem like she&#39;s lying; but later, she is found drowned in the apple bobbing attraction, indicating SOMEONE believed her statement. Ariadne (having appeared in &quot;Cards on the Table&quot; and a few other Poirot novels) asks for Poirot to help her in finding out who killed Joyce, and the two set off for information. A few key points to keep in mind are as follows:<br><br>-Joyce was a known liar.<br>-Leopold suddenly came into a fortune.<br>-There are four different unusual deaths/unsolved murders in the area (only the death of Mrs. Llewellyn-Smythe and the stabbing of Leslie Ferrier are the key victims for this case).<br>-Miss Emlyn thought that Rowena Drake might have seen something in the hallway to startle her, causing her to drop a large vase full of flowers and water. (Keep in mind, the library where the apple bobbing game was held was down the hallway.)<br><br>Later, Poirot determines that Joyce was probably lying about having witnessed a murder, but it leaves open the question, &quot;Why did someone believe her?&quot; Later, Leopold is also found drowned by the brook, leading to the conclusion that he DID know, or at least had a decent guess, of who killed his sister, Joyce (in the book, they are related and Leopold dies). Rowena does confirm Ms. Emlyn&#39;s statement that she DID see something that startled her: Leopold was in the library at the time she dropped the vase. Eventually a few more key characters are interviewed and the suspicions around Mrs. Llewellyn-Smythe death resurface.<br><br>-Judith Butler, who was at the party and is Ms. Oliver&#39;s friend.<br>-Miranda Butler, friend of Joyce and was home sick the night of the party.<br>-Michael Garfield, a man described of having an unusual sense of beauty, and (despite his arrogance) an impossible suspect due to him having not been at the party the day of Joyce&#39;s murder.<br><br>The details of Mrs. Llewellyn-Smythe&#39;s death, and the disappearance of her au pair, Olga, are eventually brought out into the open. Olga was accused of having forged Mrs. Llewellyn-Smythe&#39;s last will, and having been a crude forgery, was immediately dissmissed. Olga insisted she didn&#39;t forge the will, and planned to run away to Turkey, for fear of prosecution of the forgery and potential murder. Eventually, the house and the garden of Mrs. Llewellyn-Smythe went to Michael for his work in the garden, and he in turn sold it, but still works on it. Poirot eventually gets an idea as to where Olga might be, and his suspicions turn out correct. Olga&#39;s corpse is found at the bottom of an abandoned well, stabbed in a similar manner to Leslie from before, and Poirot puts together what all happened.<br><br>It turns out, Olga was the murdered victim that Joyce claimed to have seen before. However, it was Miranda Butler who actually saw the murder, or more accurately, two people dragging her corpse to the well. One of them thought someone was watching them, hence why they believed Joyce actually did see their disposal of the body. (It&#39;s never directly confirmed if they killed Llewellyn-Smythe or if she actually died of natural causes.) The reason they killed her was because Olga ratted out Llewellyn-Smythe&#39;s niece as having had an affair, thus resulting Llewellyn-Smythe&#39;s last will being changed. The niece and her partner then made an obvoously forged will to discredit Olga, and then killed her to make it seem like she was guilty and running away.<br><br>Poirot knows that Miranda is in serious danger, and advises Ms. Oliver and Judith to take her far away from the area for the time being. Although they get her some distance away, an older man succeeds in leading her away when she steps off on her lonesome to the restroom while she, her mother, and Ariadne are out eating together. She and the man arrive at a sacrifice altar, and are about to partake in a ritual, but Poirot enlisted the help of two young men to keep watch and make sure Miranda stayed safe. They intervene at the last moment, saving Miranda&#39;s life.<br><br>Later, Miranda is discussing the details of the murder she witnessed, having not realized it was a murder due to the fact the Michael Garfield, the man that Llewellyn-Smythe&#39;s niece -- Rowena Drake -- was going to forsake her invalid husband for, had told her it was merely a sacrifice. Miranda confirms she told Joyce, and Leopold might have guessed or overheard their conversation. Since Miranda wasn&#39;t at the party that night, Joyce told everyone that SHE had seen the murder. In a final twist, Poirot reveals that Miranda&#39;s father was none other than Michael Garfield. Although he loved his daughter (having been seen earlier drawing a portrait of her), he wasn&#39;t above murdering her to keep the secret. As for Rowena and Michael, Poirot theorizes that, having bought a small Greecian island with Rowena&#39;s ill-gained fortune, Michael probably would have ended up killing Rowena anyways just so he wouldn&#39;t be under her thumb. As for figuring out that it was Rowena who killed Joyce, Poirot reveals he figured this fact rather early because of the fact that Rowena was wet, claiming to have spilt the vase on her; however, by drowning a victim, the killer would naturally be wet, and Rowena was the only person to be wet at the time of the murder.<br><br><br><br>In the end, I found this novel to be really fascinating. I missed the fact that Rowena had to logically be the killer because I was so fascinated with the backstory of the novel. Seriously, I would suggest reading the novel JUST to see how different it is from the movie. I woul LOVE to see this novel adapted into a play or something, it was that much of an enjoyment.', 'I might have missed something, but how did they explain a psychic lady speaking with the voice of the dead daughter and who did Poirot see in the mirror?', 'Watched it at the cinema on Monday... lovely escapism ..dont take it too seriously and you will enjoy', 'just saw this <br>10 little Indians I&#39;d like to see made .', 'Just saw it, not really a theater movie more of a good HBO movie', 'I think do evil under the sun in 1953', 'I always liked Ariadne Oliver, as an obviously ironic self-insert of Agatha Christie herself.', 'What an age for murder mystery: The only people eager to socialize at all always had sinister plans, hidden agendas, and ulterior motives!!!    ğŸ¤—', 'this gonna be a hit', 'We appreciate your insights on a Haunting in Venice. You&#39;ll always have our support.']"
A Haunting In Venice Featurette - Eerie Ensemble (2023),3ugfcQnA-BU,14948,217,0,11,0,2023-08-31T16:36:40Z,"['A haunting in Venice is epic', 'Let me guess.... the killer is Jamie Dornan', 'Whodunnit?? Who?', 'haha it&#39;s Santino', 'Yess Tinaaaa', 'Can&#39;t wait to see Jamie and Jude in this one!', 'Sounds good but Iâ€™m still a David suchet man myself', 'Very excited by this cast, especially seeing Tina Fey in this kind of role. She&#39;s already conquered comedy, will be great to see if she can master these dramatic roles.', 'Amazing ğŸ¤©', 'Ghost everywhere']"
A HAUNTING IN VENICE Official Trailer (2023),qVrKNPMG6Dk,41176,411,0,46,0,2023-04-26T17:59:03Z,"['Where is Ken Curtis and royal dano', 'I like they changed the title so I can technically watch this movie without comparing it with the original Halloween party book. <br>Looks good, excited to see it!', 'Nope', 'Michelle Yeoh,Kelly Reilly??<a href=""about:invalid#zCSafez""></a><a href=""about:invalid#zCSafez""></a>', 'It just hit me that this adaptation refers to the <i>Halloweâ€™en Party</i> case... which, I don&#39;t need to tell you, isn&#39;t set in Venice at all but in a small village in Devon. ğŸ˜† Well, as long as Brannagh does the rest of this great Poirot story justice, I&#39;m all ears!', 'I donâ€™t care if it&#39;s not as close to the Hallowe&#39;en Party book, but it has a suspense horror kind of vibe and a myatery. I&#39;m actually STOKED for this and that&#39;s saying a lot for me because 1- I&#39;m not a fan of horror, but this looks more like suspense horror and 2- Kenneth Branagh has PROVED to be a great Poirot AND director for Agatha Christie films. I say this is a good move to try for the other audiences who have never and never will read Agatha Christie&#39;s books and hopefully we can get more of these. One I wished Branagh did though if Poirot was in retirement was the iconic and most BRILLIANT of the few Christie&#39;s books I&#39;ve listened to is The Murder of Roger Ackroyd! Now THAT apuld be a good movie. But regardless, I&#39;m not ashamed to say this one looks REALLY REALLY good and who knows, maybe they&#39;ll still try and make it like the Hallowe&#39;en Party book twist but different cause this is only different. I like this title change and direction anyway cause imagine tbat other non book audience who probably wouldnâ€™t be as enthusiastic tp watch a movie with the original title and at a Hallowe&#39;en Party so gotta make it different and perhaps the same idea with the murdered child at the party, only it&#39;s written differently in this. Makes sense to me to switch this particularly story up. Just saying ğŸ¤·\u200dâ™€ï¸', 'If your supporting actors outact the lead there is a problem ..... Get a better lead actor guys because Branagh is tanking what could have been a great series ......  -  Murder on the Orient Express $352.8 million ($55 million budget) to Death on the Nile $137.3 million ($90 million budget)  - ğŸ¤”ğŸ˜ Stick to directing because your supporting cast is the only thing worth watching ..... ğŸ¤”ğŸ˜', 'Happy birthday to Jamie Dornan.', 'When trying to solve an Agatha Christie mystery, simply pick the most convoluted possible solution.', 'Why do people bitch so much, I canâ€™t wait to see it', 'For a long time, I couldn&#39;t find something worth latching onto, and then I saw the detective. That changed my entire perspective on the trailer. Suddenly, it wasn&#39;t a dull, badly made horror movie. It was now potentially the greatest detective story. Real ghost ğŸ‘» or not?', 'Was that Liz Lemon???', 'fully in for this', 'Same story. New location', 'So if a ghost is the murderer will it face trial?']"
A Haunting In Venice | Seeing Things | In Theaters Sept 15,lroKhbCw_a4,13703,444,0,27,0,2023-08-29T20:00:30Z,"['Please ğŸ‘‹ someone ğŸ§‘ğŸ»ğŸ‘§ğŸ» connect me with director David Fincher ğŸ§”ğŸ»\u200dâ™‚ï¸ because I have an idea and a story for a movie ğŸ“½ that will work ğŸ¤¯ I&#39;m sure it will work.  My life is miserable.  I live in hope that one day an idea for a film will come to David.  Who can help me meet David.  Thank you.  This is what I can doâ¤ğŸ˜‡ğŸ˜¢', 'I&#39;m excited for this movie it&#39;s got the classic William Castle horror vibe but elements of Gothic horror as well', 'And who are you? Hercules Parrot the best ghost hunter in the world.', 'I don&#39;t know about movie because the first two it was obvious who the killers were', 'ğŸ˜ŠğŸ˜Š', 'It would be nice to see a modern horror movie which doesn&#39;t resort to gore and explicit violence, but rather style and imagination. I hope that this is it.', 'Day 696969696969 of asking you to rename back to 20th Century Fox.', 'por un momento pensÃ© q era el &quot;seastian&quot; de RomanÃ© ğŸ˜…', 'This is True Horror Within.', 'OMG! This is going to be terrifying! But I&#39;m so excited!!', 'Oh shoot!', 'super excited for this movie', 'I ainâ€™t gonna see this', 'First yayayayayaya']"
A Haunting In Venice | Books | In Theaters Sept 15,igWM3mm899s,13643,394,0,22,0,2023-08-30T17:00:35Z,"['I watched it in the theatre, before they move to streaming. Its good! Its a â€˜much-watchâ€™!', 'They had to include an asian, just to disrespect Europeans.', 'Spoilers mom kill 3 people <br><br><br><br><br><br><br><br><br><br><br><br><br><br><br><br>her daughter,doctor and witcher', 'I love how he found out his bodyguard and his old friend are working together', 'Please ğŸ‘‹ someone ğŸ§‘ğŸ»ğŸ‘§ğŸ» connect me with director David Fincher ğŸ§”ğŸ»\u200dâ™‚ï¸ because I have an idea and a story for a movie ğŸ“½ that will work ğŸ¤¯ I&#39;m sure it will work.  My life is miserable.  I live in hope that one day an idea for a film will come to David.  Who can help me meet David.  Thank you.  This is what I can doâ¤ğŸ˜‡ğŸ˜¢', 'â¤â¤â¤â¤â¤â¤', 'Only two weeks away.', 'Oh boy...', 'This is going to be really movie excited for the third movie ğŸ‘ğŸ‘ğŸ‘âš¡â¤ï¸ğŸ’¯. They got Tina Fey', 'â¤', 'Super excited for this movie', 'Movie looks interesting', 'day 696969696969 of asking you to rename back to 20th century fox', 'This movie looks really good']"
A Haunting in Venice Trailer (2023),pPmSOST1bTo,64303,1020,0,73,0,2023-04-26T18:24:18Z,"['Kelly Reilly againg with Poirot... Love it.', 'Now I feel like an idiot because this is based on a novel by Agatha Christie I actually haven&#39;t read, I&#39;m definitely a fan of her writing and now I feel like I&#39;m letting her down. I prefer her novels to film adaptations. I always feel like something is lost in adaptations and I always prefer the source material. That&#39;s just me the book nerd ğŸ¤“!!', 'HERCULE', 'If there&#39;s something strange in your neighborhood<br>Who you gonna call<br>Poiro-stbusters, apparently.', 'Kenneth is having fun now making Agatha Christie&#39;s movies and playing Poirot!ğŸ˜„', 'OK, so, the last two movies were thoroughly unimpressive and they are trying to sell an Agatha Christie story as a competitor to The Conjuring. <br>Yeah, gonna take a pass on this one.', 'If your supporting actors outact the lead there is a problem ..... Get a better lead actor guys because Branagh is tanking what could have been a great series ......  -  Murder on the Orient Express $352.8 million ($55 million budget) to Death on the Nile $137.3 million ($90 million budget)  - ğŸ¤”ğŸ˜ Stick to directing because your supporting cast is the only thing worth watching ..... ğŸ¤”ğŸ˜', 'I think the absolute pre-requisite for anyone to make a horror movie is for the casts to be someone new. Otherwise, horror movies dont feel as scary or realistic no matter how good the acting is. Putting in a-grade actors in a horror movie is not a good recipe for the genre. Can anyone back me up on this??', 'Poirot brought the big guns back', 'already a third part? where this and the second part shot back to back?', 'Could be the worst mystery/detective movie trailer ever. Or maybe it shows exactly what we needed to know. It just doesn&#39;t feel right', 'THE DETECTIVE IS BAAAACKğŸ‰ğŸ‰ğŸ‰', 'That looked terrible,what kind of nonsense is this? And do we need Michelle Yeoh in every movie now,insert a female ,either black or Asian in every movie ,just because? That clearly not a Hercule Poirot story,there was never such stupid stuff.', 'The cast doesn&#39;t seem as stacked this time with more recognizable faces? Besides Michelle, I only saw Tina Fey and Jaime Dornan. <br><br>Maybe the budget is lower for this installment of the murder mystery?', 'Yeah, Poirot is back on stage.â¤']"
A Haunting in Venice (2023) Movie Review,cPTZ98o254U,2805,221,0,21,0,2023-09-15T23:42:43Z,"['Fey is horribly flat trying to pull off a Judi Dench type role', 'Chris, if the movie gives any credence to the supernatural Iâ€™m going to feel very cheated. Just saying.', 'Ok I will watch it again. I found it annoying 1st watch.', 'He had issues with the 3rd act again. Do you think they&#39;ll make another one &amp; if so, which novel do you think they&#39;ll adapt? â¤ğŸ˜Š', 'I think this is the best Peirot movie out of the 3!! Cinematography is so admospheric, the location and sets are amazing, the cast is fun (Michelle Yeoh <b>not</b> doing martial arts or mean mom!!), and the writing is a great blend of supernatural and detective whodunnit. Love it!', 'I didn&#39;t predict the mom, but did so because I kept forgetting the character was even there. In fact, all the characters were forgettable. It was a waiting game to get to the conclusion and the detective&#39;s reveal of the truth which was again forgettable.', 'I don&#39;t want him to tackle any lol.<br>I am sorry, but I really don&#39;t like his Poirot, but that is myabe because I am huge fan of the books, and previous Poirots (especially David Suchet).<br>His Poirot is ridiculous, but for full disclosure, I have seen only the first one, and that was enough to put me off him.', 'Love Knives Out, but not the biggest fan of Oriental Express or Niles or the 2nd Knives Out movie.  <br><br>But so far, the reviews are pretty positive about this movie...', 'I really enjoyed this review Chris. Not a fan too much of Branagh&#39;s take on the character, especially since the two previous films have relied primarily on &#39;stunt casting&#39; (in my opinion), but they were entertaining. I&#39;ll wait to see this one at a later date. I would like to see him do either &quot;Evil Under the Sun&quot;, or Poirot&#39;s last case, which was &quot;Curtain&quot;. Both of those lend themselves to the theatrical experience, but do not necessarily rely on famous faces to sell the gimmick. Again, this is just my 2cents.', 'I feel like the only one who canâ€™t take Tina Fey seriously. Iâ€™ve watched too much of her on SNL. I was hoping for more of a supernatural horror but itâ€™s just a murder mystery in a spooky setting.', 'Jailer and Jawan review?', 'No reply on.... Sardar udham... Movie... Any reason????', 'Just saw this,loved it.Two Cast Members from Belfast ,Jamie Dornin,Jude Hill,returned.And Tina Fey.Loved her character,just an enjoyable film.And the reveal was great.', 'And Then There Were None amazing! But if we are sticking with Poirot then I would love to see the Murder of Roger Ackroyd. The end of that book literally gave me goosebumps!', 'I enjoyed the movie. I thought Tina Fey was gonna take me out of the movie but she was a bright spot. I didn&#39;t guess the culprit/culprits which was a good thing. Good review.ğŸ‘']"
A Haunting in Venice (2023) Spoiler Free! Come With Me Movie Review | Spookyastronauts,YWWu9n5Mdv0,15907,1169,0,85,0,2023-09-13T16:15:04Z,"['Omg Iâ€™m so sorry for the editing in this video, total mistake to have the glitch transition throughout. Something I added before exporting after I had checked it, itâ€™s not meant to be on every clip! Yikes.', 'I actually went to see this because I liked the other two hercule movies, which arent horror at all. So i never expected any horror and i loved it. The reveal qaa fantastic', 'nice music.', 'I actually really enjoyed this, definitely a lot more than Death on the Nile. Not sure it can be classed as a seance movie though! Trailer is rather misleading, but still a fun time.', 'ğŸ–¤', 'I liked this one. Course I saw it in a theatre with six other people soot was a bit isolating', 'Hi Emma. ğŸ™‚<br> Saw it last night &amp; was surprised this turned out to be an extremely stunning looking Giallo.  <br> Enjoyed every second of it &amp; think the movie deserves to be seen on a big screen.<br> Cool creepy kid too.<br> Please give Gromit a head scratch for me. â¤ that pup!', 'DONâ€™T tell people to just wait to see a movie in theaters like that if you donâ€™t want the movie to bomb. Itâ€™s a limited release and is only in my local theater for a week, 2 weeks if it makes a lot of money. Bigger blockbusters and scarier stuff are coming for â€œspooky seasonâ€, so they will sadly be throwing lighter things like this aside too soon.', 'What I liked. <br>It was pretty much an original story. <br><br>The tension was beautifully sustained throughout. <br>The supporting cast was terrific. <br><br>The house was a character in and of itself. <br><br>The story was true to Christieâ€™s form but not really. <br><br>The cons <br>It had nothing to do with the Halloween party story.   <br><br>The character assassination of Ariadne Oliver made me seethe. <br><br>Branagh just isnâ€™t Poirot to me.  I saw him in the series Wallander and he played Poirot the same way.', 'Kinda excited for this', 'Itâ€™s really a good hbo movie not much of a theater experience', 'This movie is boring. Too many random loud noises to try to keep the audience awake.', 'Okay, I saw A Haunting In Venice and of course, I loved it.  Plenty of creepy atmosphere, which was such a nice change from the previous Agatha Christie adaptations.  Kenneth Branaugh once again was great as Hercule Poirot and a solid cast of supporting cast/suspects, including a standout in Tina Fey.  Overall, I gave the film a 9/10.', 'I was excited to see this one since it joined two of my favorite genres - spooky fun horror and mystery. However, this one <b>really</b> disappointed me personally. The whole thing was &quot;meh&quot; in my opinion until the end when I rolled my eyes and bugged my friend for us to leave the theater. And this was <b>after</b> I had lowered my expectations after mediocre reviews. I even enjoyed the first two in the &quot;trilogy&quot; and thought this one might be fun. Unfortunately, it was not good. Not outright bad, but not good either.', 'I guessed the killer and method very early on and kept waiting to be wrong, I wasnâ€™t, so that was a disappointment. The only thing I missed was the twist with Harry Potter at the end']"
